estagio_cultura,tipo_solo,tipo_irrigacao,demanda_agua,cultivar
Floração,Argiloso,Aspersão,27.15699644953299,Chinook
Floração,Argiloso,Gotejamento,36.681924608546865,Chinook
Vegetativo,Areia,Aspersão,98.4180456230134,Chinook
Floração,Argiloso,Gotejamento,54.33797499627674,Cascade
Vegetativo,Argiloso,Gotejamento,55.353116594532246,Cascade
Vegetativo,Franco-arenoso,Aspersão,12.95989612825046,Cascade
Vegetativo,Areia,Gotejamento,93.43020289865585,Citra
Colheita,Areia,Aspersão,11.837782351631676,Citra
Colheita,Argiloso,Aspersão,66.96701901338625,Citra
Floração,Franco-arenoso,Aspersão,79.01635405468438,Cascade
Floração,Argiloso,Gotejamento,1.132032036548647,Cascade
Vegetativo,Franco-arenoso,Gotejamento,18.61371054089784,Citra
Floração,Argiloso,Gotejamento,47.94086715275152,Cascade
Floração,Franco-arenoso,Gotejamento,0.08145763728909516,Chinook
Colheita,Argiloso,Aspersão,9.164923167696681,Cascade
Floração,Argiloso,Gotejamento,61.348237681570104,Cascade
Floração,Argiloso,Aspersão,19.26998251075831,Chinook
Colheita,Argiloso,Gotejamento,86.90625067525748,Cascade
Colheita,Argiloso,Gotejamento,23.159831956453726,Chinook
Vegetativo,Areia,Gotejamento,50.727936393292964,Citra
Floração,Argiloso,Aspersão,30.376608637662816,Citra
Floração,Argiloso,Aspersão,63.76668634947343,Citra
Colheita,Areia,Gotejamento,37.61881421279407,Cascade
Vegetativo,Areia,Gotejamento,59.2987832092737,Chinook
Vegetativo,Areia,Gotejamento,21.786725806553864,Cascade
Floração,Franco-arenoso,Gotejamento,18.426365901969653,Chinook
Vegetativo,Franco-arenoso,Aspersão,46.76529626110817,Cascade
Colheita,Franco-arenoso,Gotejamento,37.20267672066885,Chinook
Colheita,Areia,Aspersão,63.15168200168484,Chinook
Colheita,Argiloso,Gotejamento,19.524019351333845,Cascade
Vegetativo,Argiloso,Aspersão,54.976277926315,Citra
Floração,Franco-arenoso,Gotejamento,36.22426542091182,Chinook
Floração,Franco-arenoso,Gotejamento,4.764912109653974,Citra
Vegetativo,Franco-arenoso,Gotejamento,19.519304269229842,Cascade
Floração,Argiloso,Gotejamento,27.294941627836266,Cascade
Floração,Argiloso,Gotejamento,31.673077024632345,Cascade
Vegetativo,Argiloso,Aspersão,59.794548916157886,Chinook
Vegetativo,Franco-arenoso,Aspersão,66.31781981653832,Citra
Floração,Argiloso,Aspersão,99.46374341033318,Chinook
Floração,Franco-arenoso,Aspersão,6.447226505672221,Cascade
Vegetativo,Argiloso,Aspersão,49.640226076918616,Cascade
Floração,Areia,Gotejamento,12.51555875937992,Chinook
Floração,Areia,Aspersão,75.8674401008651,Chinook
Colheita,Areia,Gotejamento,89.13064345626378,Citra
Vegetativo,Argiloso,Aspersão,15.735323422524361,Citra
Colheita,Argiloso,Aspersão,10.817872261079476,Cascade
Colheita,Franco-arenoso,Gotejamento,48.01998854693371,Citra
Floração,Argiloso,Aspersão,10.54375512199719,Cascade
Vegetativo,Argiloso,Gotejamento,7.156051915291939,Citra
Floração,Argiloso,Gotejamento,27.355658207651224,Cascade
Floração,Areia,Gotejamento,69.49923005272088,Chinook
Colheita,Argiloso,Gotejamento,41.10584026278528,Citra
Colheita,Franco-arenoso,Gotejamento,63.19062237148192,Citra
Colheita,Areia,Gotejamento,65.86408586220857,Citra
Vegetativo,Areia,Aspersão,43.557430705466935,Cascade
Colheita,Argiloso,Aspersão,58.64234001764961,Citra
Colheita,Argiloso,Aspersão,90.04798485406724,Cascade
Vegetativo,Franco-arenoso,Aspersão,50.539209172444444,Cascade
Colheita,Argiloso,Gotejamento,49.07087164787974,Citra
Floração,Areia,Aspersão,83.07402930056904,Cascade
Floração,Argiloso,Aspersão,41.66030185961432,Citra
Floração,Franco-arenoso,Aspersão,36.30286880345701,Citra
Vegetativo,Areia,Aspersão,39.05001635782334,Chinook
Vegetativo,Areia,Aspersão,7.8022809627570915,Chinook
Vegetativo,Franco-arenoso,Gotejamento,43.739121026252626,Cascade
Colheita,Areia,Aspersão,60.668873269319654,Chinook
Floração,Areia,Gotejamento,93.2636483525234,Chinook
Floração,Areia,Gotejamento,22.105322115505277,Chinook
Colheita,Argiloso,Gotejamento,8.11984092469552,Cascade
Vegetativo,Argiloso,Aspersão,71.1246608755739,Chinook
Floração,Areia,Aspersão,94.95631264578638,Chinook
Colheita,Franco-arenoso,Aspersão,31.312805936962928,Cascade
Vegetativo,Franco-arenoso,Gotejamento,57.05048315165256,Cascade
Floração,Franco-arenoso,Aspersão,4.983483875512251,Chinook
Vegetativo,Franco-arenoso,Aspersão,54.41117957724113,Chinook
Floração,Argiloso,Aspersão,81.1051353189948,Cascade
Vegetativo,Areia,Gotejamento,76.78194883314268,Citra
Vegetativo,Areia,Aspersão,94.59384186939353,Citra
Floração,Areia,Aspersão,11.924520161231955,Cascade
Floração,Areia,Aspersão,93.11320157653165,Citra
Vegetativo,Argiloso,Gotejamento,42.69489524503417,Cascade
Floração,Areia,Gotejamento,54.577264613164544,Citra
Vegetativo,Areia,Gotejamento,90.75699676813662,Chinook
Vegetativo,Franco-arenoso,Aspersão,8.961602085648114,Chinook
Colheita,Franco-arenoso,Aspersão,30.829217290452206,Chinook
Floração,Areia,Aspersão,91.0692321788292,Cascade
Colheita,Areia,Gotejamento,24.43036540866571,Citra
Colheita,Areia,Aspersão,83.22115221324533,Chinook
Colheita,Areia,Aspersão,82.07027813988036,Chinook
Colheita,Argiloso,Gotejamento,29.19164453864802,Chinook
Colheita,Argiloso,Gotejamento,66.24183561570906,Chinook
Colheita,Argiloso,Aspersão,4.644564902255944,Citra
Floração,Franco-arenoso,Gotejamento,99.77808487215137,Chinook
Vegetativo,Argiloso,Gotejamento,48.53444430530184,Citra
Colheita,Franco-arenoso,Gotejamento,76.94260120738173,Chinook
Vegetativo,Argiloso,Gotejamento,48.61267496699844,Cascade
Floração,Argiloso,Aspersão,47.63041282384346,Chinook
Colheita,Argiloso,Aspersão,46.452282309184,Chinook
Floração,Franco-arenoso,Gotejamento,84.18274876868351,Cascade
Vegetativo,Franco-arenoso,Gotejamento,86.06720152705148,Chinook
Floração,Franco-arenoso,Aspersão,71.4030751759778,Chinook
Floração,Argiloso,Gotejamento,53.71344265255843,Cascade
Floração,Argiloso,Aspersão,59.531289976327685,Chinook
Colheita,Franco-arenoso,Gotejamento,82.56745900909208,Cascade
Colheita,Areia,Aspersão,54.5958692524982,Cascade
Floração,Argiloso,Gotejamento,21.04714359657649,Citra
Colheita,Areia,Aspersão,56.42406179964714,Chinook
Vegetativo,Areia,Aspersão,26.95950140295402,Cascade
Vegetativo,Franco-arenoso,Aspersão,46.072140840877104,Cascade
Floração,Areia,Aspersão,80.00434900563002,Chinook
Vegetativo,Franco-arenoso,Gotejamento,76.84959329453147,Chinook
Floração,Argiloso,Gotejamento,33.11236078043955,Chinook
Vegetativo,Franco-arenoso,Gotejamento,99.28824684281372,Chinook
Floração,Argiloso,Gotejamento,31.481922214314295,Chinook
Colheita,Franco-arenoso,Gotejamento,3.181457795749887,Chinook
Vegetativo,Argiloso,Gotejamento,5.362036415646465,Cascade
Vegetativo,Franco-arenoso,Aspersão,31.686046349816298,Citra
Floração,Argiloso,Gotejamento,16.956866210036004,Citra
Colheita,Areia,Gotejamento,76.80821927599595,Citra
Floração,Franco-arenoso,Gotejamento,73.83150480135798,Cascade
Floração,Franco-arenoso,Aspersão,97.84159562552549,Citra
Vegetativo,Areia,Gotejamento,38.768534875657124,Cascade
Vegetativo,Areia,Gotejamento,91.93814660915773,Chinook
Colheita,Areia,Aspersão,50.347279374201484,Chinook
Vegetativo,Franco-arenoso,Aspersão,80.74955386849855,Citra
Floração,Argiloso,Aspersão,12.891078705474701,Chinook
Vegetativo,Argiloso,Gotejamento,84.21431607494415,Chinook
Floração,Areia,Aspersão,35.29671843226485,Chinook
Floração,Areia,Aspersão,56.65469541524859,Cascade
Vegetativo,Areia,Gotejamento,33.281556100175095,Citra
Floração,Franco-arenoso,Aspersão,94.19155348110625,Citra
Colheita,Argiloso,Gotejamento,72.28042175461192,Cascade
Floração,Franco-arenoso,Gotejamento,75.8786776080936,Chinook
Vegetativo,Franco-arenoso,Gotejamento,3.7670637636088133,Chinook
Vegetativo,Areia,Gotejamento,83.52882064186417,Citra
Floração,Areia,Gotejamento,96.3935010304234,Citra
Floração,Argiloso,Gotejamento,98.45500308546306,Chinook
Floração,Franco-arenoso,Gotejamento,95.8031373714405,Chinook
Vegetativo,Areia,Aspersão,37.76711919278447,Chinook
Colheita,Argiloso,Gotejamento,93.71174297165749,Cascade
Colheita,Argiloso,Gotejamento,41.79275493103164,Cascade
Colheita,Franco-arenoso,Aspersão,40.389882569463744,Citra
Floração,Franco-arenoso,Gotejamento,4.2238321311497184,Citra
Colheita,Argiloso,Aspersão,75.94689573141063,Chinook
Floração,Franco-arenoso,Gotejamento,78.37293060971301,Chinook
Vegetativo,Argiloso,Aspersão,19.68984661194061,Cascade
Colheita,Argiloso,Gotejamento,8.64292047551336,Chinook
Colheita,Areia,Aspersão,59.00197678331113,Cascade
Colheita,Argiloso,Aspersão,53.66242468409651,Cascade
Vegetativo,Areia,Gotejamento,40.64654559217461,Citra
Floração,Franco-arenoso,Gotejamento,22.412375101514503,Cascade
Colheita,Areia,Gotejamento,22.15382428161273,Chinook
Vegetativo,Areia,Gotejamento,62.785400884182266,Citra
Colheita,Argiloso,Aspersão,9.62944483298822,Chinook
Floração,Franco-arenoso,Aspersão,52.443768356545064,Chinook
Vegetativo,Franco-arenoso,Gotejamento,44.25547686048028,Chinook
Vegetativo,Areia,Aspersão,29.219116855991768,Cascade
Floração,Argiloso,Gotejamento,88.0407380533071,Cascade
Vegetativo,Areia,Gotejamento,16.432917528274437,Cascade
Colheita,Franco-arenoso,Aspersão,21.631403561513974,Chinook
Colheita,Argiloso,Gotejamento,92.37440790935989,Chinook
Colheita,Areia,Gotejamento,35.259101137949244,Citra
Floração,Franco-arenoso,Aspersão,57.48004061288145,Citra
Vegetativo,Areia,Gotejamento,6.68161001042924,Citra
Floração,Argiloso,Aspersão,42.11231950671181,Cascade
Floração,Areia,Gotejamento,10.070075974169567,Citra
Floração,Franco-arenoso,Gotejamento,76.17344558064812,Cascade
Vegetativo,Areia,Gotejamento,15.926101849751895,Cascade
Colheita,Argiloso,Gotejamento,85.87305124792853,Chinook
Floração,Franco-arenoso,Aspersão,7.161335327086949,Citra
Colheita,Areia,Gotejamento,34.79001595914224,Citra
Floração,Argiloso,Aspersão,91.73725234600322,Citra
Colheita,Franco-arenoso,Gotejamento,96.18214687857072,Cascade
Colheita,Areia,Aspersão,82.41584869313769,Citra
Floração,Franco-arenoso,Gotejamento,36.56686915404005,Cascade
Vegetativo,Franco-arenoso,Aspersão,74.03869279315526,Citra
Colheita,Franco-arenoso,Aspersão,91.94569047850601,Chinook
Colheita,Argiloso,Gotejamento,12.57920374613677,Citra
Floração,Argiloso,Aspersão,8.2350060133199,Chinook
Floração,Franco-arenoso,Gotejamento,65.88522326704624,Cascade
Vegetativo,Argiloso,Aspersão,20.830144011802567,Citra
Colheita,Franco-arenoso,Aspersão,51.42432869121291,Cascade
Colheita,Areia,Aspersão,26.760595634663066,Chinook
Vegetativo,Franco-arenoso,Aspersão,87.46946983815099,Chinook
Vegetativo,Argiloso,Aspersão,25.927585390996853,Cascade
Floração,Areia,Gotejamento,5.393141395371625,Citra
Colheita,Argiloso,Gotejamento,33.482880922924174,Chinook
Colheita,Argiloso,Aspersão,27.415398414977222,Cascade
Vegetativo,Argiloso,Aspersão,43.764957455716136,Chinook
Vegetativo,Areia,Gotejamento,9.196878589892798,Cascade
Colheita,Argiloso,Aspersão,83.48200057098748,Citra
Vegetativo,Areia,Aspersão,34.36200653698519,Citra
Colheita,Franco-arenoso,Gotejamento,73.37708789957722,Chinook
Colheita,Franco-arenoso,Aspersão,73.63283665572789,Chinook
Vegetativo,Areia,Gotejamento,0.19612037147048733,Chinook
Vegetativo,Franco-arenoso,Aspersão,45.220736839338116,Chinook
Vegetativo,Areia,Gotejamento,23.84005572755392,Chinook
Vegetativo,Argiloso,Gotejamento,97.49983966936303,Cascade
Floração,Areia,Gotejamento,35.70035550920303,Citra
Floração,Argiloso,Aspersão,97.63888787484989,Chinook
Vegetativo,Franco-arenoso,Gotejamento,65.01102586339074,Cascade
Vegetativo,Argiloso,Gotejamento,71.83843065627038,Cascade
Floração,Franco-arenoso,Gotejamento,61.17215899856404,Chinook
Vegetativo,Franco-arenoso,Gotejamento,24.252056305632486,Chinook
Vegetativo,Argiloso,Aspersão,99.88568369983129,Citra
Floração,Areia,Gotejamento,64.9841516160798,Chinook
Colheita,Argiloso,Aspersão,94.7378285513739,Citra
Vegetativo,Areia,Aspersão,31.988947218766796,Cascade
Floração,Argiloso,Aspersão,49.36439313307353,Chinook
Floração,Areia,Aspersão,8.150132939581544,Citra
Vegetativo,Argiloso,Gotejamento,9.381108059203369,Chinook
Colheita,Areia,Aspersão,99.39682734139053,Chinook
Floração,Areia,Gotejamento,46.25590921205149,Chinook
Vegetativo,Franco-arenoso,Aspersão,39.55665250376607,Citra
Colheita,Areia,Gotejamento,10.220886662434713,Chinook
Vegetativo,Franco-arenoso,Aspersão,19.533917420686542,Citra
Colheita,Franco-arenoso,Aspersão,39.30787487880079,Cascade
Floração,Franco-arenoso,Gotejamento,53.28241555111389,Chinook
Colheita,Argiloso,Gotejamento,83.11703980533373,Cascade
Vegetativo,Areia,Aspersão,42.66516103465348,Chinook
Colheita,Argiloso,Aspersão,69.70135221249295,Chinook
Floração,Franco-arenoso,Gotejamento,67.83230678797875,Cascade
Colheita,Areia,Gotejamento,88.33293327120218,Citra
Vegetativo,Areia,Gotejamento,75.72908461024618,Chinook
Vegetativo,Franco-arenoso,Gotejamento,13.456159333502127,Citra
Floração,Areia,Gotejamento,3.4006469851603605,Citra
Vegetativo,Argiloso,Aspersão,40.28000140589442,Cascade
Vegetativo,Areia,Gotejamento,5.124654462305401,Citra
Vegetativo,Argiloso,Aspersão,32.78412420833732,Citra
Floração,Franco-arenoso,Gotejamento,85.75905307416998,Chinook
Floração,Franco-arenoso,Aspersão,79.06509789065865,Cascade
Colheita,Areia,Gotejamento,67.41229291717681,Chinook
Vegetativo,Areia,Aspersão,62.25483856005659,Cascade
Vegetativo,Argiloso,Gotejamento,26.383815034530322,Cascade
Colheita,Areia,Gotejamento,51.541219801016624,Cascade
Vegetativo,Areia,Gotejamento,0.4146302529470236,Cascade
Colheita,Areia,Gotejamento,38.34787984270535,Citra
Floração,Franco-arenoso,Gotejamento,11.284031566117502,Citra
Vegetativo,Argiloso,Aspersão,37.16453489892327,Cascade
Colheita,Franco-arenoso,Aspersão,16.42053148414663,Cascade
Colheita,Areia,Aspersão,73.64954542711818,Cascade
Vegetativo,Areia,Aspersão,15.03098283569948,Citra
Vegetativo,Areia,Aspersão,59.76947248386648,Citra
Vegetativo,Argiloso,Gotejamento,5.280189916736278,Cascade
Floração,Areia,Aspersão,54.21080458610695,Cascade
Floração,Franco-arenoso,Gotejamento,16.392998938491885,Cascade
Floração,Argiloso,Aspersão,42.729365149877694,Chinook
Floração,Areia,Aspersão,35.98394714808576,Chinook
Colheita,Areia,Gotejamento,20.989541281775626,Cascade
Vegetativo,Argiloso,Aspersão,91.96358594565748,Cascade
Vegetativo,Argiloso,Aspersão,94.9389322426461,Cascade
Vegetativo,Areia,Aspersão,91.91957516347334,Chinook
Colheita,Argiloso,Gotejamento,41.72165053783571,Cascade
Colheita,Franco-arenoso,Gotejamento,71.02326413587029,Cascade
Colheita,Areia,Aspersão,61.786827360863995,Chinook
Floração,Areia,Gotejamento,43.16058095692882,Cascade
Colheita,Franco-arenoso,Aspersão,65.00903099228496,Citra
Floração,Areia,Aspersão,11.479599022358556,Chinook
Colheita,Franco-arenoso,Gotejamento,99.82174517851708,Citra
Floração,Franco-arenoso,Gotejamento,41.34191615119991,Chinook
Floração,Argiloso,Aspersão,21.640211661104814,Citra
Vegetativo,Areia,Gotejamento,61.17871143056428,Cascade
Floração,Franco-arenoso,Aspersão,33.62247491735547,Citra
Floração,Areia,Gotejamento,50.593828346743486,Chinook
Colheita,Argiloso,Gotejamento,91.79920650238462,Chinook
Floração,Franco-arenoso,Aspersão,31.922048172142738,Chinook
Floração,Areia,Aspersão,1.8922705175785537,Citra
Colheita,Franco-arenoso,Gotejamento,98.09007553331917,Citra
Vegetativo,Franco-arenoso,Gotejamento,15.948837324581744,Chinook
Colheita,Franco-arenoso,Gotejamento,31.72922765351621,Citra
Colheita,Areia,Gotejamento,95.65119751212508,Cascade
Colheita,Franco-arenoso,Gotejamento,38.42113646400656,Cascade
Floração,Argiloso,Gotejamento,22.60630101137839,Citra
Floração,Argiloso,Aspersão,91.97922151971733,Chinook
Colheita,Franco-arenoso,Aspersão,21.70011302543986,Chinook
Floração,Argiloso,Gotejamento,80.19536945307307,Citra
Colheita,Franco-arenoso,Gotejamento,24.782204801686326,Cascade
Floração,Areia,Gotejamento,56.013566254234306,Chinook
Vegetativo,Argiloso,Gotejamento,36.46929257132905,Chinook
Vegetativo,Argiloso,Gotejamento,39.132962264309825,Chinook
Vegetativo,Franco-arenoso,Aspersão,37.259207570678065,Citra
Floração,Argiloso,Gotejamento,1.3663827113149507,Chinook
Floração,Franco-arenoso,Gotejamento,32.44662912141722,Cascade
Floração,Franco-arenoso,Gotejamento,98.70667809035535,Cascade
Colheita,Franco-arenoso,Gotejamento,96.33103927652752,Cascade
Colheita,Argiloso,Aspersão,24.566747762935826,Cascade
Vegetativo,Areia,Aspersão,49.13037223378305,Chinook
Vegetativo,Areia,Aspersão,25.37801940436889,Cascade
Colheita,Areia,Gotejamento,39.51391246307833,Citra
Colheita,Argiloso,Gotejamento,85.37226891700847,Cascade
Floração,Argiloso,Gotejamento,5.607949995384221,Cascade
Vegetativo,Argiloso,Aspersão,1.0366040146198352,Citra
Colheita,Areia,Gotejamento,85.81591062682628,Chinook
Colheita,Areia,Gotejamento,4.137978635075179,Cascade
Vegetativo,Areia,Gotejamento,72.27063033950203,Citra
Vegetativo,Franco-arenoso,Gotejamento,98.34733061371104,Citra
Vegetativo,Areia,Gotejamento,45.276191909418614,Chinook
Vegetativo,Franco-arenoso,Aspersão,3.308329915221131,Chinook
Floração,Argiloso,Aspersão,39.92056386105743,Chinook
Colheita,Franco-arenoso,Aspersão,79.73004061298437,Cascade
Colheita,Areia,Gotejamento,9.839602972781847,Chinook
Vegetativo,Areia,Gotejamento,47.54100794096935,Citra
Vegetativo,Argiloso,Gotejamento,74.59361897802543,Citra
Floração,Argiloso,Gotejamento,54.09031991657252,Cascade
Colheita,Areia,Gotejamento,21.77795256155782,Cascade
Vegetativo,Areia,Gotejamento,42.20143762720365,Chinook
Vegetativo,Argiloso,Gotejamento,49.48822622126955,Chinook
Vegetativo,Areia,Gotejamento,25.39146985503782,Chinook
Colheita,Franco-arenoso,Aspersão,86.21404862269007,Citra
Vegetativo,Areia,Gotejamento,54.96550108731345,Citra
Floração,Franco-arenoso,Aspersão,24.805628670863666,Citra
Vegetativo,Argiloso,Gotejamento,80.52051557524119,Cascade
Colheita,Argiloso,Gotejamento,3.6281013405149998,Citra
Colheita,Franco-arenoso,Aspersão,2.219132547568503,Citra
Floração,Argiloso,Gotejamento,72.6770323399483,Citra
Colheita,Franco-arenoso,Gotejamento,33.95627554321863,Cascade
Colheita,Argiloso,Aspersão,32.338183570801945,Chinook
Colheita,Franco-arenoso,Gotejamento,45.836000316140456,Citra
Vegetativo,Areia,Aspersão,64.82748372225643,Chinook
Floração,Franco-arenoso,Aspersão,35.803367421520235,Citra
Vegetativo,Franco-arenoso,Gotejamento,79.09257839690352,Chinook
Colheita,Argiloso,Gotejamento,1.9252849302938913,Cascade
Floração,Argiloso,Gotejamento,79.63913232390102,Citra
Colheita,Argiloso,Aspersão,55.31860808444302,Citra
Vegetativo,Areia,Aspersão,26.14276460142271,Citra
Vegetativo,Argiloso,Aspersão,37.33116751713879,Chinook
Vegetativo,Franco-arenoso,Aspersão,15.223156064460708,Citra
Vegetativo,Franco-arenoso,Gotejamento,8.557321206423884,Citra
Colheita,Franco-arenoso,Aspersão,38.91477903732652,Citra
Floração,Areia,Aspersão,98.0241901006447,Citra
Colheita,Areia,Aspersão,36.04810502224657,Citra
Vegetativo,Argiloso,Aspersão,98.91634465240496,Chinook
Colheita,Argiloso,Gotejamento,72.39046094320064,Cascade
Floração,Argiloso,Gotejamento,46.75927835864038,Chinook
Colheita,Argiloso,Aspersão,8.954555633851125,Cascade
Vegetativo,Argiloso,Gotejamento,99.77092157832134,Cascade
Floração,Areia,Gotejamento,58.58200577214152,Citra
Colheita,Areia,Gotejamento,92.28355268105358,Citra
Vegetativo,Areia,Gotejamento,4.988826460668028,Cascade
Floração,Franco-arenoso,Aspersão,12.340962373363551,Citra
Floração,Franco-arenoso,Aspersão,70.8302846181702,Cascade
Colheita,Argiloso,Gotejamento,46.03397060945492,Chinook
Vegetativo,Areia,Gotejamento,79.39440507459314,Cascade
Vegetativo,Argiloso,Gotejamento,87.40208478527316,Citra
Floração,Argiloso,Gotejamento,20.221386031526013,Cascade
Colheita,Franco-arenoso,Gotejamento,45.529398192429326,Cascade
Vegetativo,Franco-arenoso,Aspersão,42.247013654463885,Chinook
Vegetativo,Areia,Gotejamento,55.703619120783664,Chinook
Floração,Argiloso,Gotejamento,16.57163684755948,Chinook
Floração,Argiloso,Aspersão,19.896731505209253,Cascade
Floração,Areia,Gotejamento,15.5510260584514,Chinook
Colheita,Franco-arenoso,Aspersão,14.897951057913318,Cascade
Vegetativo,Franco-arenoso,Gotejamento,71.33465597313108,Chinook
Vegetativo,Areia,Gotejamento,79.65206386355845,Citra
Floração,Argiloso,Gotejamento,39.966862916234525,Chinook
Colheita,Franco-arenoso,Gotejamento,60.277064834915805,Chinook
Colheita,Areia,Gotejamento,29.581039293873857,Citra
Vegetativo,Argiloso,Aspersão,93.33449264377296,Cascade
Floração,Franco-arenoso,Aspersão,6.443585390362716,Chinook
Floração,Franco-arenoso,Gotejamento,6.836629122234184,Citra
Vegetativo,Argiloso,Aspersão,14.999050735608488,Cascade
Vegetativo,Areia,Gotejamento,89.16605002062309,Chinook
Vegetativo,Argiloso,Aspersão,52.527008475173155,Chinook
Vegetativo,Areia,Gotejamento,69.42557064636613,Cascade
Colheita,Argiloso,Gotejamento,98.72987197698272,Cascade
Floração,Areia,Gotejamento,13.87436653560339,Citra
Floração,Franco-arenoso,Gotejamento,0.7795964829671487,Chinook
Vegetativo,Argiloso,Gotejamento,38.95126439563352,Chinook
Colheita,Franco-arenoso,Aspersão,93.6244827230779,Citra
Floração,Areia,Gotejamento,84.23279843408879,Cascade
Colheita,Argiloso,Aspersão,93.12780381269377,Cascade
Colheita,Argiloso,Aspersão,66.89564313646976,Chinook
Floração,Areia,Gotejamento,3.4892317126581474,Citra
Colheita,Areia,Aspersão,89.7066544221566,Cascade
Vegetativo,Argiloso,Gotejamento,29.88556662079558,Cascade
Vegetativo,Argiloso,Aspersão,51.580175206650516,Citra
Colheita,Franco-arenoso,Aspersão,31.48734333018748,Chinook
Floração,Franco-arenoso,Aspersão,72.75897911732562,Citra
Colheita,Argiloso,Aspersão,69.85385541184203,Citra
Floração,Franco-arenoso,Aspersão,46.0116555482319,Citra
Colheita,Areia,Gotejamento,98.61413478599214,Chinook
Floração,Areia,Gotejamento,15.137466196393778,Citra
Colheita,Franco-arenoso,Aspersão,71.0188367009548,Cascade
Colheita,Areia,Aspersão,39.760162863656504,Chinook
Floração,Franco-arenoso,Gotejamento,76.50173246553713,Chinook
Colheita,Argiloso,Aspersão,35.446390520297136,Cascade
Colheita,Areia,Aspersão,29.574288828566708,Citra
Vegetativo,Areia,Aspersão,51.44720748430179,Citra
Floração,Franco-arenoso,Gotejamento,4.091720445659597,Citra
Vegetativo,Areia,Gotejamento,97.47653903565703,Citra
Vegetativo,Franco-arenoso,Gotejamento,79.78795056767414,Cascade
Floração,Argiloso,Gotejamento,68.33390037641874,Citra
Vegetativo,Areia,Aspersão,25.68634016355855,Citra
Vegetativo,Argiloso,Gotejamento,27.997564254860443,Cascade
Vegetativo,Areia,Gotejamento,20.664933870103418,Citra
Floração,Argiloso,Aspersão,45.02978814126999,Chinook
Floração,Franco-arenoso,Gotejamento,24.165957624988533,Chinook
Vegetativo,Franco-arenoso,Gotejamento,62.06054739107888,Cascade
Vegetativo,Areia,Gotejamento,99.28558512509036,Citra
Colheita,Areia,Gotejamento,24.165576657602607,Cascade
Vegetativo,Areia,Gotejamento,95.90400987386099,Citra
Colheita,Franco-arenoso,Aspersão,51.86241752533519,Chinook
Floração,Argiloso,Aspersão,85.69177693150739,Citra
Vegetativo,Argiloso,Aspersão,62.81548182894381,Chinook
Vegetativo,Areia,Gotejamento,4.795809977738175,Chinook
Vegetativo,Areia,Aspersão,22.102965826462828,Cascade
Colheita,Franco-arenoso,Gotejamento,9.352640628643394,Cascade
Colheita,Areia,Gotejamento,15.977903848357023,Citra
Colheita,Franco-arenoso,Gotejamento,61.02907486130674,Chinook
Colheita,Franco-arenoso,Aspersão,25.67643068446033,Citra
Vegetativo,Argiloso,Aspersão,22.415141814506157,Citra
Floração,Areia,Aspersão,90.49051224882602,Chinook
Floração,Franco-arenoso,Aspersão,50.30545347022731,Chinook
Floração,Argiloso,Gotejamento,34.60171572984551,Chinook
Colheita,Areia,Gotejamento,16.64170374005065,Chinook
Vegetativo,Argiloso,Aspersão,73.58163223898067,Chinook
Vegetativo,Areia,Gotejamento,7.116381524937654,Citra
Colheita,Areia,Aspersão,46.80486560766135,Citra
Floração,Argiloso,Aspersão,26.4388024238974,Citra
Colheita,Argiloso,Gotejamento,81.5485457179517,Chinook
Colheita,Argiloso,Aspersão,30.304847930019672,Chinook
Colheita,Areia,Aspersão,59.79526745042787,Chinook
Floração,Argiloso,Aspersão,30.768682354798884,Cascade
Colheita,Argiloso,Aspersão,18.601892475961378,Cascade
Floração,Areia,Gotejamento,44.08044626616301,Cascade
Floração,Franco-arenoso,Aspersão,24.640582732162486,Chinook
Colheita,Areia,Aspersão,75.6532863821358,Citra
Colheita,Argiloso,Aspersão,50.19304527438185,Citra
Vegetativo,Franco-arenoso,Gotejamento,98.54131423659118,Cascade
Floração,Argiloso,Aspersão,29.21964136443078,Chinook
Floração,Areia,Gotejamento,82.77709959658249,Citra
Colheita,Areia,Gotejamento,23.81597592921346,Cascade
Vegetativo,Argiloso,Gotejamento,91.13051912028475,Citra
Floração,Franco-arenoso,Gotejamento,64.79077604847213,Chinook
Vegetativo,Areia,Aspersão,38.70583949979483,Chinook
Floração,Areia,Gotejamento,99.89263343263248,Citra
Vegetativo,Argiloso,Gotejamento,35.263924847212294,Chinook
Vegetativo,Argiloso,Gotejamento,47.288441383074385,Citra
Floração,Argiloso,Gotejamento,23.23074501464668,Chinook
Colheita,Franco-arenoso,Aspersão,30.42965720461287,Cascade
Vegetativo,Argiloso,Gotejamento,4.740244994334186,Citra
Colheita,Franco-arenoso,Gotejamento,49.42444559073218,Cascade
Floração,Areia,Aspersão,35.886626401090474,Cascade
Vegetativo,Argiloso,Aspersão,22.117497218981786,Chinook
Colheita,Areia,Gotejamento,95.71888080697994,Citra
Vegetativo,Argiloso,Aspersão,23.409756523617975,Citra
Colheita,Franco-arenoso,Aspersão,84.30477978690794,Cascade
Floração,Franco-arenoso,Aspersão,98.172557886145,Cascade
Vegetativo,Areia,Aspersão,3.872398554006551,Chinook
Vegetativo,Franco-arenoso,Aspersão,70.23076751920041,Chinook
Colheita,Franco-arenoso,Gotejamento,70.53378032268755,Citra
Vegetativo,Areia,Aspersão,19.056801648411014,Chinook
Colheita,Franco-arenoso,Aspersão,4.458015306771124,Cascade
Vegetativo,Franco-arenoso,Aspersão,67.61110506285029,Cascade
Vegetativo,Argiloso,Gotejamento,25.61347835661839,Cascade
Colheita,Franco-arenoso,Gotejamento,89.4041461820435,Chinook
Vegetativo,Areia,Aspersão,85.9316022028691,Cascade
Vegetativo,Areia,Aspersão,64.81830651792401,Cascade
Colheita,Areia,Aspersão,7.135776190465981,Cascade
Vegetativo,Franco-arenoso,Aspersão,61.39572137654851,Citra
Colheita,Franco-arenoso,Aspersão,42.99231871691256,Chinook
Vegetativo,Argiloso,Gotejamento,44.16012201377644,Chinook
Colheita,Franco-arenoso,Gotejamento,94.31592004246112,Cascade
Vegetativo,Franco-arenoso,Aspersão,46.99872970335303,Citra
Colheita,Argiloso,Aspersão,65.33203207479824,Chinook
Colheita,Argiloso,Aspersão,12.492467342820913,Citra
Floração,Argiloso,Gotejamento,52.95214232312102,Cascade
Colheita,Argiloso,Aspersão,12.521009366460056,Citra
Floração,Franco-arenoso,Aspersão,24.99489318733935,Chinook
Floração,Argiloso,Gotejamento,95.60430464483377,Cascade
Colheita,Franco-arenoso,Gotejamento,40.52690370652494,Citra
Colheita,Argiloso,Aspersão,69.17888930083629,Citra
Vegetativo,Franco-arenoso,Aspersão,43.323111672763446,Cascade
Floração,Areia,Gotejamento,92.55005116331023,Citra
Colheita,Areia,Gotejamento,86.46721657400353,Cascade
Vegetativo,Franco-arenoso,Gotejamento,14.621570773086933,Citra
Colheita,Franco-arenoso,Aspersão,94.54044655978373,Citra
Floração,Franco-arenoso,Aspersão,24.05039864628811,Cascade
Colheita,Areia,Gotejamento,96.43936223460673,Chinook
Floração,Areia,Gotejamento,46.47281853720543,Chinook
Floração,Franco-arenoso,Aspersão,40.50348973788282,Cascade
Colheita,Areia,Aspersão,65.11876316015646,Chinook
Colheita,Franco-arenoso,Aspersão,64.97408798503037,Citra
Colheita,Argiloso,Gotejamento,29.193454321811572,Chinook
Vegetativo,Areia,Aspersão,26.88384068604136,Cascade
Colheita,Franco-arenoso,Gotejamento,16.524823742873718,Citra
Colheita,Areia,Aspersão,53.395336630943156,Chinook
Vegetativo,Areia,Aspersão,46.788380551871064,Chinook
Colheita,Franco-arenoso,Gotejamento,33.70819776724494,Citra
Vegetativo,Franco-arenoso,Aspersão,46.05772290176146,Cascade
Colheita,Areia,Gotejamento,62.93094131091268,Chinook
Vegetativo,Argiloso,Aspersão,99.45816385351847,Citra
Vegetativo,Argiloso,Gotejamento,27.238615662001852,Cascade
Colheita,Argiloso,Gotejamento,73.17108124822815,Cascade
Colheita,Areia,Gotejamento,62.07693215765572,Citra
Floração,Franco-arenoso,Gotejamento,93.34929050504091,Chinook
Floração,Areia,Gotejamento,69.23687951721882,Cascade
Vegetativo,Franco-arenoso,Gotejamento,20.232067614002403,Chinook
Colheita,Argiloso,Gotejamento,43.03236826049,Cascade
Vegetativo,Franco-arenoso,Aspersão,82.4473411159194,Citra
Floração,Argiloso,Gotejamento,43.93341439646904,Citra
Colheita,Argiloso,Gotejamento,77.10195268876866,Cascade
Colheita,Franco-arenoso,Aspersão,2.171283102611321,Cascade
Colheita,Argiloso,Aspersão,5.475116629964038,Chinook
Colheita,Franco-arenoso,Gotejamento,58.94460780895039,Cascade
Floração,Areia,Aspersão,7.954116700443336,Citra
Floração,Argiloso,Aspersão,83.0007663415753,Chinook
Colheita,Argiloso,Aspersão,55.77556184118888,Chinook
Colheita,Areia,Gotejamento,94.708949509242,Chinook
Colheita,Areia,Aspersão,41.53132709356432,Cascade
Colheita,Franco-arenoso,Aspersão,73.10120935257041,Cascade
Floração,Argiloso,Gotejamento,91.96273587172797,Chinook
Vegetativo,Argiloso,Gotejamento,45.08322453764985,Citra
Colheita,Franco-arenoso,Aspersão,84.0360672349251,Chinook
Colheita,Areia,Gotejamento,60.928245610997855,Chinook
Vegetativo,Argiloso,Aspersão,7.258191854189178,Citra
Vegetativo,Areia,Gotejamento,41.47677994778637,Chinook
Colheita,Franco-arenoso,Aspersão,36.93452593704071,Citra
Colheita,Franco-arenoso,Gotejamento,12.981845996645259,Citra
Vegetativo,Franco-arenoso,Gotejamento,43.57177096614714,Cascade
Floração,Argiloso,Gotejamento,54.271364892439365,Citra
Vegetativo,Argiloso,Gotejamento,16.329160185239523,Chinook
Colheita,Argiloso,Gotejamento,74.80846946935186,Chinook
Floração,Franco-arenoso,Aspersão,88.6157186237166,Chinook
Floração,Franco-arenoso,Gotejamento,0.2344612931107104,Citra
Colheita,Franco-arenoso,Aspersão,4.2852647223046265,Chinook
Floração,Argiloso,Gotejamento,17.36913944914701,Chinook
Colheita,Argiloso,Aspersão,86.82056670003396,Citra
Floração,Franco-arenoso,Aspersão,52.92868255352785,Cascade
Colheita,Argiloso,Aspersão,95.1199655855368,Citra
Colheita,Franco-arenoso,Aspersão,99.84120323430335,Chinook
Floração,Areia,Gotejamento,11.816465311045343,Cascade
Vegetativo,Areia,Gotejamento,30.57739750892896,Chinook
Colheita,Franco-arenoso,Gotejamento,92.55679050870782,Cascade
Vegetativo,Areia,Aspersão,64.27924039119793,Citra
Vegetativo,Franco-arenoso,Aspersão,62.62009940651379,Chinook
Floração,Argiloso,Gotejamento,75.13172133484497,Cascade
Vegetativo,Areia,Aspersão,86.63641770899731,Citra
Floração,Argiloso,Gotejamento,66.29960480445179,Citra
Colheita,Areia,Gotejamento,33.64391004416913,Chinook
Colheita,Areia,Aspersão,27.780159030638927,Chinook
Vegetativo,Areia,Aspersão,13.403962829967753,Citra
Vegetativo,Argiloso,Aspersão,2.5549081209661595,Citra
Floração,Argiloso,Gotejamento,4.410887527192109,Cascade
Vegetativo,Argiloso,Gotejamento,36.13871293350953,Citra
Colheita,Franco-arenoso,Gotejamento,8.018677560825294,Cascade
Floração,Areia,Aspersão,24.06097431349782,Citra
Colheita,Argiloso,Gotejamento,11.94961640044695,Citra
Floração,Franco-arenoso,Gotejamento,97.29710739848686,Citra
Colheita,Areia,Aspersão,22.446048412384144,Chinook
Floração,Areia,Aspersão,77.61575593392861,Citra
Vegetativo,Argiloso,Aspersão,20.330679058964286,Cascade
Colheita,Areia,Gotejamento,54.76527642926731,Chinook
Vegetativo,Argiloso,Gotejamento,11.93659004388431,Cascade
Vegetativo,Franco-arenoso,Gotejamento,75.41145080445266,Cascade
Floração,Franco-arenoso,Gotejamento,30.424388623260825,Citra
Floração,Franco-arenoso,Gotejamento,0.03992987503210754,Cascade
Colheita,Franco-arenoso,Gotejamento,27.372655623277808,Chinook
Colheita,Areia,Gotejamento,43.17723810194789,Chinook
Vegetativo,Franco-arenoso,Aspersão,52.09931956879462,Chinook
Floração,Argiloso,Gotejamento,93.27381473226153,Citra
Vegetativo,Franco-arenoso,Aspersão,17.829839412753113,Citra
Floração,Franco-arenoso,Aspersão,74.63000894679264,Chinook
Vegetativo,Areia,Gotejamento,12.105023416247695,Citra
Vegetativo,Franco-arenoso,Aspersão,47.78803158566913,Chinook
Colheita,Franco-arenoso,Aspersão,27.171605952549083,Citra
Colheita,Argiloso,Gotejamento,35.25686727237505,Citra
Vegetativo,Areia,Gotejamento,20.923959566310344,Chinook
Vegetativo,Franco-arenoso,Gotejamento,72.6894305202026,Citra
Floração,Franco-arenoso,Aspersão,80.88197734380684,Cascade
Colheita,Argiloso,Gotejamento,47.01275717255422,Citra
Vegetativo,Areia,Gotejamento,26.825659376091014,Citra
Colheita,Argiloso,Gotejamento,13.547609627914648,Citra
Floração,Argiloso,Aspersão,47.22944533088946,Chinook
Vegetativo,Franco-arenoso,Gotejamento,44.15684082693011,Citra
Floração,Franco-arenoso,Gotejamento,35.163169392530314,Chinook
Vegetativo,Areia,Gotejamento,17.18714824647627,Citra
Colheita,Argiloso,Aspersão,5.452486029836134,Citra
Floração,Argiloso,Aspersão,99.58597206901244,Cascade
Colheita,Areia,Gotejamento,10.017901417795594,Cascade
Floração,Argiloso,Aspersão,77.30170293976371,Chinook
Floração,Argiloso,Gotejamento,5.1802684333887905,Cascade
Vegetativo,Franco-arenoso,Gotejamento,35.21938354832227,Cascade
Colheita,Franco-arenoso,Gotejamento,65.65040073735842,Cascade
Colheita,Franco-arenoso,Gotejamento,84.48407662734805,Cascade
Floração,Areia,Aspersão,23.37580283240265,Cascade
Vegetativo,Franco-arenoso,Gotejamento,60.863260847446924,Chinook
Colheita,Areia,Gotejamento,15.878036617787728,Chinook
Colheita,Areia,Aspersão,27.75245858670534,Citra
Vegetativo,Franco-arenoso,Gotejamento,48.788323927096414,Cascade
Vegetativo,Argiloso,Gotejamento,44.5336359892773,Cascade
Vegetativo,Argiloso,Aspersão,87.0540920893142,Cascade
Floração,Franco-arenoso,Aspersão,90.1982344681641,Citra
Colheita,Franco-arenoso,Gotejamento,8.211946133928294,Citra
Vegetativo,Areia,Gotejamento,32.70076829244878,Chinook
Vegetativo,Franco-arenoso,Aspersão,29.90697432145354,Citra
Floração,Argiloso,Gotejamento,74.87624211040908,Citra
Floração,Areia,Gotejamento,40.365084936241516,Citra
Colheita,Argiloso,Gotejamento,6.530968874254295,Chinook
Vegetativo,Argiloso,Aspersão,41.36921294569166,Citra
Colheita,Franco-arenoso,Gotejamento,56.95038662060278,Chinook
Colheita,Argiloso,Aspersão,49.55489804461326,Cascade
Colheita,Areia,Aspersão,80.57350414113047,Citra
Vegetativo,Argiloso,Gotejamento,7.5879487363810565,Cascade
Floração,Argiloso,Gotejamento,68.45527704918447,Chinook
Floração,Argiloso,Gotejamento,94.8924025137439,Citra
Colheita,Argiloso,Gotejamento,87.67374668954264,Citra
Floração,Argiloso,Aspersão,98.97993669761269,Chinook
Vegetativo,Franco-arenoso,Aspersão,31.108068845058533,Citra
Colheita,Areia,Gotejamento,45.89525796997221,Citra
Vegetativo,Franco-arenoso,Gotejamento,44.34150439104274,Citra
Vegetativo,Argiloso,Gotejamento,3.70533250087417,Citra
Floração,Franco-arenoso,Gotejamento,35.81505189714714,Citra
Floração,Areia,Gotejamento,95.27578416876497,Chinook
Colheita,Argiloso,Gotejamento,9.321879590114769,Citra
Vegetativo,Franco-arenoso,Aspersão,35.42263495212825,Cascade
Vegetativo,Franco-arenoso,Gotejamento,62.46561866019222,Chinook
Floração,Franco-arenoso,Aspersão,54.620916166766484,Citra
Vegetativo,Argiloso,Aspersão,63.44737711351623,Citra
Colheita,Argiloso,Gotejamento,8.332680714373186,Cascade
Vegetativo,Argiloso,Gotejamento,25.393134693723475,Citra
Colheita,Argiloso,Aspersão,32.26722957570156,Cascade
Vegetativo,Argiloso,Aspersão,58.95678664856723,Citra
Colheita,Areia,Gotejamento,0.3506830760729329,Chinook
Vegetativo,Argiloso,Aspersão,44.660992352237905,Cascade
Colheita,Argiloso,Aspersão,44.985120273492775,Cascade
Colheita,Franco-arenoso,Gotejamento,68.23982050812113,Chinook
Floração,Areia,Gotejamento,44.797649872801394,Citra
Floração,Areia,Aspersão,8.333121454375181,Chinook
Colheita,Franco-arenoso,Gotejamento,57.90510234841017,Citra
Floração,Areia,Gotejamento,71.45161022750217,Cascade
Floração,Franco-arenoso,Gotejamento,99.06995009240693,Chinook
Vegetativo,Franco-arenoso,Aspersão,33.40442678264458,Chinook
Vegetativo,Areia,Gotejamento,27.720921049819346,Citra
Floração,Areia,Aspersão,64.26317542789157,Citra
Colheita,Franco-arenoso,Gotejamento,0.2247020409973377,Citra
Floração,Areia,Gotejamento,22.274194686521433,Citra
Colheita,Franco-arenoso,Aspersão,48.7834321110439,Chinook
Vegetativo,Argiloso,Aspersão,42.134393756258824,Citra
Vegetativo,Areia,Aspersão,2.173871470965838,Chinook
Colheita,Argiloso,Aspersão,22.294195641265834,Chinook
Floração,Franco-arenoso,Gotejamento,31.622429235768713,Cascade
Colheita,Franco-arenoso,Aspersão,45.23901705275358,Chinook
Floração,Argiloso,Aspersão,79.85322857553786,Chinook
Colheita,Franco-arenoso,Aspersão,48.67712273478501,Citra
Floração,Argiloso,Gotejamento,14.495913037112306,Cascade
Colheita,Franco-arenoso,Aspersão,73.68005495165045,Citra
Floração,Franco-arenoso,Aspersão,60.702736481564,Citra
Floração,Areia,Aspersão,56.28829504310793,Cascade
Floração,Argiloso,Gotejamento,83.30111162035226,Citra
Colheita,Franco-arenoso,Gotejamento,41.339851538784814,Cascade
Vegetativo,Franco-arenoso,Aspersão,21.653171942097917,Cascade
Colheita,Franco-arenoso,Gotejamento,76.69236964684359,Chinook
Colheita,Franco-arenoso,Gotejamento,7.623060386501612,Citra
Floração,Areia,Gotejamento,43.7047190774019,Cascade
Floração,Argiloso,Gotejamento,62.58838078985127,Citra
Floração,Argiloso,Gotejamento,89.61578919796244,Chinook
Floração,Argiloso,Aspersão,38.15333500076308,Cascade
Colheita,Areia,Aspersão,74.01458772164318,Citra
Floração,Argiloso,Gotejamento,66.86690773878901,Cascade
Colheita,Argiloso,Gotejamento,83.22110998788284,Citra
Vegetativo,Argiloso,Aspersão,93.96068740382537,Cascade
Floração,Areia,Gotejamento,12.383380502319053,Cascade
Colheita,Franco-arenoso,Aspersão,86.26201772999296,Chinook
Colheita,Franco-arenoso,Aspersão,31.792345910430708,Citra
Vegetativo,Argiloso,Gotejamento,85.40022704884318,Chinook
Vegetativo,Argiloso,Aspersão,1.531750145012467,Cascade
Floração,Argiloso,Gotejamento,22.793658146262597,Citra
Floração,Argiloso,Gotejamento,19.170703956044722,Chinook
Vegetativo,Argiloso,Gotejamento,27.24480793140982,Chinook
Vegetativo,Areia,Gotejamento,81.08555365051815,Chinook
Floração,Areia,Gotejamento,25.79359976265906,Citra
Colheita,Argiloso,Aspersão,0.7666008524844559,Chinook
Floração,Argiloso,Gotejamento,61.85488984394855,Cascade
Vegetativo,Areia,Gotejamento,64.7457387253567,Citra
Colheita,Areia,Aspersão,34.65067210948251,Citra
Vegetativo,Areia,Aspersão,48.548379043191815,Citra
Vegetativo,Franco-arenoso,Gotejamento,65.66082152419237,Cascade
Colheita,Areia,Gotejamento,89.81107747557843,Chinook
Colheita,Franco-arenoso,Aspersão,52.45628831173506,Chinook
Vegetativo,Argiloso,Aspersão,12.705163533751618,Citra
Floração,Argiloso,Gotejamento,74.05191794095049,Cascade
Colheita,Areia,Aspersão,64.78559317566102,Cascade
Colheita,Areia,Gotejamento,81.68292744438298,Cascade
Vegetativo,Franco-arenoso,Aspersão,78.68938221254655,Citra
Floração,Franco-arenoso,Aspersão,79.45492159432006,Citra
Colheita,Argiloso,Aspersão,55.327362739008215,Cascade
Floração,Franco-arenoso,Aspersão,56.55466741468662,Cascade
Vegetativo,Franco-arenoso,Aspersão,0.7467495215499831,Cascade
Vegetativo,Franco-arenoso,Aspersão,54.93152952171214,Cascade
Vegetativo,Argiloso,Gotejamento,94.86826911230425,Citra
Vegetativo,Argiloso,Aspersão,14.61441918361489,Cascade
Vegetativo,Franco-arenoso,Gotejamento,82.90096510582337,Citra
Vegetativo,Argiloso,Gotejamento,75.97062030345208,Chinook
Floração,Argiloso,Aspersão,62.435454333150005,Citra
Colheita,Franco-arenoso,Aspersão,30.75423116099043,Citra
Colheita,Franco-arenoso,Gotejamento,4.948297012164204,Citra
Vegetativo,Franco-arenoso,Aspersão,97.87552916783814,Cascade
Colheita,Franco-arenoso,Aspersão,82.75188294344518,Citra
Vegetativo,Areia,Gotejamento,35.31500230632745,Citra
Floração,Areia,Gotejamento,53.4661671765577,Cascade
Floração,Areia,Gotejamento,31.742313815409982,Cascade
Colheita,Franco-arenoso,Gotejamento,29.45646005375433,Chinook
Floração,Areia,Aspersão,78.27785742696678,Chinook
Floração,Areia,Gotejamento,8.616011861943583,Chinook
Floração,Argiloso,Aspersão,63.36538307977403,Chinook
Vegetativo,Areia,Aspersão,62.5286515514251,Cascade
Vegetativo,Franco-arenoso,Aspersão,66.95282083932287,Citra
Vegetativo,Argiloso,Gotejamento,99.24340110901218,Cascade
Colheita,Areia,Gotejamento,22.738953093776114,Cascade
Colheita,Franco-arenoso,Gotejamento,47.80172868435809,Citra
Colheita,Argiloso,Aspersão,58.62468134631186,Cascade
Vegetativo,Argiloso,Aspersão,44.99687540593622,Cascade
Floração,Argiloso,Gotejamento,40.82726486466973,Chinook
Vegetativo,Areia,Gotejamento,26.482131509039675,Cascade
Colheita,Argiloso,Aspersão,88.2778585389356,Chinook
Vegetativo,Franco-arenoso,Gotejamento,0.22813670415839926,Cascade
Vegetativo,Franco-arenoso,Aspersão,52.04123521862317,Chinook
Vegetativo,Franco-arenoso,Gotejamento,26.93588302871146,Citra
Colheita,Areia,Aspersão,80.15472910129915,Citra
Vegetativo,Franco-arenoso,Gotejamento,31.28229713760462,Chinook
Floração,Argiloso,Gotejamento,63.27163357366538,Chinook
Floração,Argiloso,Gotejamento,88.33871945788978,Citra
Floração,Areia,Aspersão,53.30008848404139,Cascade
Colheita,Franco-arenoso,Aspersão,58.160175054101636,Cascade
Floração,Argiloso,Aspersão,43.653420615645885,Citra
Colheita,Areia,Gotejamento,8.642341299434309,Cascade
Vegetativo,Areia,Aspersão,14.107695005511921,Cascade
Colheita,Argiloso,Aspersão,30.33704504629753,Citra
Floração,Areia,Aspersão,63.792597053726155,Cascade
Vegetativo,Areia,Aspersão,66.17512257414366,Cascade
Vegetativo,Argiloso,Aspersão,51.44087156121169,Chinook
Colheita,Franco-arenoso,Aspersão,86.98441693146363,Citra
Floração,Argiloso,Gotejamento,86.64500057266699,Cascade
Floração,Franco-arenoso,Gotejamento,23.50056308402936,Citra
Floração,Areia,Gotejamento,65.39383998784771,Citra
Floração,Argiloso,Gotejamento,63.48975729612211,Cascade
Colheita,Areia,Gotejamento,0.8154112395831525,Cascade
Floração,Areia,Gotejamento,18.030591411680174,Chinook
Colheita,Franco-arenoso,Aspersão,43.05153578549466,Citra
Floração,Areia,Aspersão,28.18327174360389,Chinook
Floração,Areia,Gotejamento,36.17937952974767,Chinook
Vegetativo,Argiloso,Gotejamento,47.213579311782695,Citra
Colheita,Areia,Gotejamento,58.122400177830194,Chinook
Vegetativo,Franco-arenoso,Gotejamento,24.655430187651962,Citra
Floração,Franco-arenoso,Gotejamento,23.578881362223004,Chinook
Vegetativo,Franco-arenoso,Aspersão,0.7771496467365968,Chinook
Colheita,Areia,Aspersão,71.92539056728546,Chinook
Vegetativo,Argiloso,Gotejamento,51.71944355204625,Chinook
Floração,Areia,Gotejamento,71.16859956499636,Citra
Colheita,Areia,Gotejamento,51.98552136748026,Citra
Floração,Franco-arenoso,Aspersão,78.61866659636232,Citra
Colheita,Franco-arenoso,Gotejamento,26.770690562022782,Citra
Vegetativo,Franco-arenoso,Gotejamento,69.0355472021699,Cascade
Colheita,Argiloso,Aspersão,0.10597380912369392,Cascade
Colheita,Argiloso,Gotejamento,8.489284799158781,Chinook
Floração,Franco-arenoso,Gotejamento,66.43824755593748,Chinook
Vegetativo,Argiloso,Aspersão,82.34325346388857,Cascade
Floração,Argiloso,Gotejamento,23.025619022142497,Cascade
Colheita,Franco-arenoso,Gotejamento,55.4627298162901,Citra
Vegetativo,Franco-arenoso,Aspersão,53.723432446739174,Citra
Colheita,Argiloso,Gotejamento,59.54361487793254,Chinook
Vegetativo,Franco-arenoso,Gotejamento,82.7438704510923,Citra
Vegetativo,Argiloso,Aspersão,62.0598165231345,Chinook
Floração,Argiloso,Aspersão,2.3495535315726013,Cascade
Colheita,Franco-arenoso,Gotejamento,94.59621720780899,Chinook
Vegetativo,Franco-arenoso,Gotejamento,26.875268543418272,Citra
Colheita,Franco-arenoso,Aspersão,36.18478224467889,Citra
Floração,Areia,Aspersão,11.997389407320291,Cascade
Colheita,Argiloso,Gotejamento,91.49941038624554,Cascade
Colheita,Franco-arenoso,Aspersão,71.27149907266059,Citra
Vegetativo,Areia,Aspersão,38.177254869699496,Cascade
Floração,Areia,Gotejamento,96.88674037618021,Citra
Vegetativo,Franco-arenoso,Aspersão,45.25262457647082,Cascade
Floração,Argiloso,Aspersão,60.256338561618875,Cascade
Vegetativo,Franco-arenoso,Gotejamento,86.3375909086915,Citra
Floração,Areia,Gotejamento,15.71848579427172,Cascade
Colheita,Argiloso,Gotejamento,84.63588060227748,Citra
Vegetativo,Argiloso,Aspersão,59.021906390514566,Citra
Floração,Argiloso,Gotejamento,93.72923571446847,Citra
Floração,Areia,Aspersão,23.629863722235434,Cascade
Floração,Areia,Gotejamento,60.61436083202971,Chinook
Colheita,Areia,Aspersão,50.36207740638685,Citra
Colheita,Argiloso,Aspersão,11.27013315670723,Cascade
Vegetativo,Areia,Gotejamento,44.713857730492435,Citra
Vegetativo,Argiloso,Aspersão,4.413936580053901,Chinook
Floração,Argiloso,Gotejamento,65.8710284109968,Citra
Floração,Argiloso,Gotejamento,61.175162627263624,Chinook
Colheita,Franco-arenoso,Aspersão,97.53413072923469,Chinook
Floração,Franco-arenoso,Gotejamento,96.42272270279516,Chinook
Colheita,Areia,Aspersão,75.36777242497091,Cascade
Colheita,Argiloso,Aspersão,51.76631212288534,Chinook
Vegetativo,Argiloso,Aspersão,30.649940914326613,Cascade
Vegetativo,Argiloso,Gotejamento,22.364863468262286,Citra
Floração,Argiloso,Aspersão,85.82631676781945,Cascade
Colheita,Areia,Aspersão,64.5459478971249,Cascade
Colheita,Argiloso,Gotejamento,50.432713814225124,Citra
Colheita,Areia,Aspersão,10.725466962575691,Chinook
Vegetativo,Franco-arenoso,Gotejamento,31.82346158899869,Citra
Floração,Areia,Gotejamento,97.43015812620136,Chinook
Floração,Franco-arenoso,Gotejamento,34.8498636712257,Cascade
Colheita,Franco-arenoso,Gotejamento,14.807669286800673,Citra
Colheita,Argiloso,Aspersão,95.77146281214065,Citra
Colheita,Franco-arenoso,Gotejamento,40.52322687950522,Cascade
Colheita,Areia,Aspersão,51.09738470484746,Cascade
Vegetativo,Franco-arenoso,Aspersão,7.395897537014351,Cascade
Colheita,Areia,Gotejamento,34.87964793153002,Cascade
Colheita,Areia,Aspersão,28.655450897336255,Cascade
Colheita,Argiloso,Gotejamento,31.835867074093905,Citra
Colheita,Franco-arenoso,Gotejamento,97.3371048891765,Cascade
Vegetativo,Franco-arenoso,Aspersão,51.28876332646464,Cascade
Colheita,Argiloso,Aspersão,63.20508200017457,Citra
Colheita,Franco-arenoso,Gotejamento,46.248363192537866,Citra
Vegetativo,Argiloso,Gotejamento,37.6763987467568,Chinook
Colheita,Argiloso,Aspersão,98.11307811965189,Citra
Floração,Areia,Aspersão,69.96792271413602,Chinook
Floração,Areia,Aspersão,58.60138520420548,Chinook
Floração,Argiloso,Aspersão,91.44262997609833,Citra
Floração,Argiloso,Gotejamento,41.67252162197016,Chinook
Colheita,Argiloso,Gotejamento,7.841637782445265,Cascade
Vegetativo,Franco-arenoso,Aspersão,4.263487987248582,Chinook
Colheita,Franco-arenoso,Aspersão,15.925191121350025,Chinook
Floração,Areia,Aspersão,28.357295770359535,Citra
Vegetativo,Franco-arenoso,Gotejamento,79.8230644325161,Cascade
Floração,Franco-arenoso,Aspersão,52.899186880641935,Citra
Colheita,Areia,Aspersão,33.482409987816006,Chinook
Vegetativo,Argiloso,Aspersão,43.35060294099561,Cascade
Floração,Argiloso,Gotejamento,53.51766574857205,Cascade
Colheita,Areia,Aspersão,45.34725209835597,Citra
Colheita,Argiloso,Gotejamento,43.059168200096174,Cascade
Colheita,Argiloso,Gotejamento,7.3945557881678,Cascade
Vegetativo,Areia,Gotejamento,93.84002975055891,Chinook
Floração,Argiloso,Gotejamento,41.28891048490838,Chinook
Colheita,Franco-arenoso,Gotejamento,70.5987706498086,Citra
Vegetativo,Areia,Aspersão,73.07754624670254,Cascade
Colheita,Franco-arenoso,Aspersão,13.188129528381054,Cascade
Colheita,Argiloso,Aspersão,54.335328800956404,Citra
Floração,Argiloso,Aspersão,75.55972901113593,Cascade
Vegetativo,Franco-arenoso,Aspersão,1.983479854715109,Chinook
Floração,Argiloso,Aspersão,27.844913155473428,Chinook
Vegetativo,Argiloso,Aspersão,50.60610538237632,Citra
Floração,Argiloso,Gotejamento,3.918085178768538,Chinook
Floração,Franco-arenoso,Gotejamento,7.61773682796486,Cascade
Vegetativo,Areia,Gotejamento,57.528884819377325,Cascade
Vegetativo,Franco-arenoso,Aspersão,73.8425989472839,Chinook
Colheita,Areia,Aspersão,17.356971447349167,Chinook
Colheita,Argiloso,Gotejamento,31.629562706844126,Cascade
Floração,Areia,Gotejamento,57.69444987828085,Cascade
Colheita,Argiloso,Aspersão,18.12482467330262,Cascade
Colheita,Argiloso,Gotejamento,83.68083801757354,Cascade
Vegetativo,Argiloso,Aspersão,56.80571226486264,Chinook
Colheita,Areia,Gotejamento,48.743187929510746,Citra
Floração,Areia,Gotejamento,1.661890668320165,Cascade
Floração,Argiloso,Aspersão,98.71173824391957,Chinook
Colheita,Argiloso,Aspersão,88.41318011396831,Cascade
Colheita,Argiloso,Gotejamento,32.113554991120786,Cascade
Vegetativo,Argiloso,Gotejamento,43.1383524809133,Chinook
Colheita,Areia,Gotejamento,59.650845618515724,Citra
Vegetativo,Argiloso,Gotejamento,63.87647804472603,Cascade
Colheita,Franco-arenoso,Gotejamento,26.007145988644154,Cascade
Vegetativo,Franco-arenoso,Aspersão,19.99736097579694,Cascade
Vegetativo,Franco-arenoso,Gotejamento,6.2697250928649755,Chinook
Floração,Franco-arenoso,Aspersão,48.91299041016526,Chinook
Vegetativo,Areia,Aspersão,46.58262535679126,Citra
Vegetativo,Areia,Aspersão,3.600373523225675,Cascade
Vegetativo,Franco-arenoso,Gotejamento,37.49239364851943,Citra
Floração,Franco-arenoso,Gotejamento,66.75187936988027,Citra
Floração,Franco-arenoso,Aspersão,65.48416377077926,Cascade
Vegetativo,Areia,Gotejamento,80.06078494810436,Cascade
Colheita,Franco-arenoso,Aspersão,17.39783422318886,Chinook
Colheita,Argiloso,Aspersão,87.40284919424941,Cascade
Colheita,Franco-arenoso,Gotejamento,20.357470905799214,Cascade
Floração,Areia,Gotejamento,8.010949199329076,Cascade
Vegetativo,Areia,Aspersão,58.42776866838043,Chinook
Floração,Franco-arenoso,Gotejamento,87.35104202209854,Cascade
Vegetativo,Franco-arenoso,Aspersão,37.519239506540515,Chinook
Vegetativo,Argiloso,Gotejamento,27.810913516553804,Chinook
Colheita,Argiloso,Aspersão,69.59646765915437,Chinook
Floração,Argiloso,Gotejamento,32.30965598758062,Citra
Floração,Franco-arenoso,Aspersão,77.20582006115893,Citra
Floração,Franco-arenoso,Gotejamento,36.02654367132132,Citra
Floração,Franco-arenoso,Gotejamento,87.69748554666153,Chinook
Vegetativo,Argiloso,Gotejamento,11.597375322508574,Cascade
Vegetativo,Franco-arenoso,Gotejamento,8.77986012426848,Chinook
Colheita,Argiloso,Aspersão,44.92596156279729,Cascade
Floração,Franco-arenoso,Gotejamento,3.6401823719401705,Citra
Vegetativo,Areia,Gotejamento,52.76973520057551,Chinook
Floração,Areia,Gotejamento,99.09192158672133,Chinook
Vegetativo,Areia,Aspersão,99.85021213065609,Chinook
Floração,Areia,Gotejamento,80.65789116939108,Chinook
Floração,Franco-arenoso,Aspersão,5.6389908707335294,Chinook
Colheita,Areia,Aspersão,30.224969477573026,Cascade
Floração,Franco-arenoso,Gotejamento,52.79639909739833,Cascade
Vegetativo,Argiloso,Gotejamento,48.010609955524885,Cascade
Vegetativo,Areia,Gotejamento,62.92384809345154,Chinook
Floração,Argiloso,Aspersão,72.16532447007415,Chinook
Floração,Franco-arenoso,Gotejamento,75.15447369024972,Citra
Floração,Argiloso,Aspersão,63.815888406734175,Cascade
Colheita,Argiloso,Gotejamento,2.984873755380124,Citra
Colheita,Franco-arenoso,Gotejamento,40.186262586973655,Citra
Colheita,Franco-arenoso,Gotejamento,27.214601985309727,Chinook
Colheita,Argiloso,Aspersão,75.04482819771081,Citra
Floração,Areia,Gotejamento,17.885420111887427,Citra
Colheita,Argiloso,Gotejamento,50.82644995954264,Chinook
Vegetativo,Areia,Aspersão,53.09971679403942,Chinook
Vegetativo,Franco-arenoso,Gotejamento,68.55329556526738,Citra
Colheita,Areia,Aspersão,30.18715132012879,Chinook
Vegetativo,Areia,Gotejamento,18.520883816552256,Chinook
Colheita,Areia,Aspersão,21.421898416998808,Cascade
Floração,Franco-arenoso,Gotejamento,64.80970187673549,Chinook
Floração,Franco-arenoso,Aspersão,38.01567499682565,Chinook
Vegetativo,Argiloso,Aspersão,54.2067534189978,Citra
Colheita,Areia,Gotejamento,55.05209081364247,Cascade
Floração,Franco-arenoso,Aspersão,35.85393072762485,Citra
Vegetativo,Argiloso,Gotejamento,59.715116474317774,Citra
Floração,Franco-arenoso,Aspersão,14.620462965997527,Cascade
Colheita,Argiloso,Aspersão,52.98203904049604,Cascade
Vegetativo,Areia,Gotejamento,50.70053805538476,Cascade
Floração,Franco-arenoso,Gotejamento,99.81226734810662,Citra
Vegetativo,Franco-arenoso,Aspersão,56.56263092603203,Chinook
Colheita,Franco-arenoso,Gotejamento,65.78181928457718,Cascade
Vegetativo,Argiloso,Gotejamento,54.80139418404689,Citra
Colheita,Franco-arenoso,Gotejamento,93.86651347511392,Chinook
Floração,Franco-arenoso,Gotejamento,59.777948229412445,Citra
Vegetativo,Areia,Aspersão,56.51050880810294,Citra
Floração,Argiloso,Aspersão,13.445059298170802,Chinook
Vegetativo,Franco-arenoso,Gotejamento,83.82955759960026,Cascade
Vegetativo,Areia,Gotejamento,26.64282578880095,Cascade
Colheita,Argiloso,Aspersão,62.672967639191626,Chinook
Colheita,Areia,Aspersão,51.284578012906934,Citra
Vegetativo,Argiloso,Aspersão,95.44947909294821,Cascade
Vegetativo,Franco-arenoso,Aspersão,33.612861429152986,Cascade
Colheita,Argiloso,Gotejamento,42.162826825214516,Cascade
Vegetativo,Franco-arenoso,Aspersão,70.67328105922668,Cascade
Floração,Argiloso,Gotejamento,34.394268163129325,Citra
Vegetativo,Argiloso,Gotejamento,63.094757989372184,Chinook
Floração,Areia,Aspersão,3.6406001629611384,Chinook
Floração,Areia,Gotejamento,27.183052819994913,Citra
Vegetativo,Areia,Gotejamento,70.45017832264499,Citra
Colheita,Argiloso,Gotejamento,37.417177174655414,Chinook
Floração,Franco-arenoso,Aspersão,36.66737813897185,Chinook
Colheita,Argiloso,Aspersão,66.28334045750522,Citra
Vegetativo,Areia,Gotejamento,31.61911025397942,Cascade
Vegetativo,Argiloso,Gotejamento,61.196844222095756,Cascade
Colheita,Franco-arenoso,Gotejamento,20.103392086503302,Chinook
Colheita,Franco-arenoso,Gotejamento,20.061365795640086,Citra
Floração,Areia,Gotejamento,86.62073962131245,Cascade
Colheita,Areia,Gotejamento,39.29940150949911,Cascade
Vegetativo,Franco-arenoso,Gotejamento,31.2066364298325,Citra
Vegetativo,Areia,Gotejamento,10.419007975932459,Chinook
Vegetativo,Areia,Aspersão,14.55386338235195,Cascade
Vegetativo,Franco-arenoso,Aspersão,60.36154817835676,Citra
Floração,Argiloso,Aspersão,15.002024406965742,Citra
Vegetativo,Franco-arenoso,Aspersão,63.468514443521606,Chinook
Vegetativo,Franco-arenoso,Aspersão,19.211155553011682,Chinook
Floração,Franco-arenoso,Gotejamento,52.17206592950242,Citra
Floração,Argiloso,Aspersão,39.73715006109616,Cascade
Vegetativo,Argiloso,Gotejamento,25.87116459911767,Chinook
Colheita,Franco-arenoso,Gotejamento,21.74578647065197,Cascade
Floração,Franco-arenoso,Gotejamento,46.62322238371286,Chinook
Colheita,Argiloso,Gotejamento,7.577874566065413,Citra
Vegetativo,Argiloso,Gotejamento,58.718699126740695,Citra
Colheita,Franco-arenoso,Gotejamento,35.9775728032043,Chinook
Floração,Franco-arenoso,Gotejamento,94.81159422406475,Citra
Floração,Argiloso,Gotejamento,66.24905759318868,Citra
Floração,Franco-arenoso,Aspersão,93.55813892123031,Citra
Colheita,Franco-arenoso,Gotejamento,54.422007136498586,Citra
Floração,Areia,Aspersão,17.45905966153487,Citra
Floração,Argiloso,Aspersão,31.10977432788409,Citra
Vegetativo,Areia,Aspersão,1.9305364267010128,Cascade
Colheita,Franco-arenoso,Aspersão,8.889039940657062,Citra
Vegetativo,Argiloso,Aspersão,64.25143045537511,Chinook
Colheita,Franco-arenoso,Aspersão,67.40145973318143,Citra
Colheita,Argiloso,Aspersão,57.04018152589639,Cascade
Vegetativo,Argiloso,Aspersão,55.40604839204981,Citra
Vegetativo,Franco-arenoso,Aspersão,38.362618923475054,Citra
Floração,Franco-arenoso,Gotejamento,96.22949273246675,Chinook
Colheita,Argiloso,Aspersão,94.63627230975283,Citra
Colheita,Franco-arenoso,Aspersão,24.22826022491903,Citra
Vegetativo,Argiloso,Aspersão,75.69313736995953,Cascade
Vegetativo,Areia,Aspersão,79.23395657613288,Chinook
Floração,Areia,Gotejamento,38.061250266183485,Citra
Vegetativo,Areia,Gotejamento,12.721794555709154,Chinook
Floração,Argiloso,Gotejamento,9.31166069477255,Citra
Vegetativo,Argiloso,Aspersão,33.57379648103429,Cascade
Vegetativo,Argiloso,Aspersão,56.843077025226684,Chinook
Floração,Argiloso,Aspersão,86.93565535863246,Chinook
Vegetativo,Franco-arenoso,Gotejamento,97.00739507972776,Chinook
Colheita,Argiloso,Aspersão,97.09582321003967,Chinook
Colheita,Areia,Aspersão,44.06974536731112,Cascade
Floração,Areia,Aspersão,24.431048274503286,Chinook
Colheita,Franco-arenoso,Aspersão,2.5167623268490535,Citra
Floração,Franco-arenoso,Gotejamento,40.965297784720235,Chinook
Floração,Franco-arenoso,Gotejamento,98.75350371010083,Chinook
Vegetativo,Areia,Aspersão,6.936209753483835,Chinook
Vegetativo,Areia,Gotejamento,42.216038175226444,Chinook
Floração,Areia,Aspersão,34.49697963499572,Citra
Floração,Argiloso,Gotejamento,56.223349548258575,Chinook
Floração,Franco-arenoso,Gotejamento,42.104919622835936,Cascade
Vegetativo,Areia,Gotejamento,65.87385664111002,Chinook
